[
    {
        "name": "-50 mV",
        "dec": "50"
    },
    {
        "name": "-45 mV",
        "dec": "45"
    },
    {
        "name": "-40 mV",
        "dec": "40"
    },
    {
        "name": "-35 mV",
        "dec": "35"
    },
    {
        "name": "-30 mV",
        "dec": "30"
    },
    {
        "name": "-25 mV",
        "dec": "25"
    },
    {
        "name": "-20 mV",
        "dec": "20"
    },
    {
        "name": "-15 mV",
        "dec": "15"
    },
    {
        "name": "-10 mV",
        "dec": "10"
    },
    {
        "name": "-5 mV",
        "dec": "5"
    },
    {
        "name": "Unset",
        "dec": "0"
    }
]