[
    {
        "name": "1200 mV",
        "label": "1200 mV",
        "dec": "1200"
    },
    {
        "name": "1205 mV",
        "label": "1205 mV",
        "dec": "1205"
    },
    {
        "name": "1210 mV",
        "label": "1210 mV",
        "dec": "1210"
    },
    {
        "name": "1215 mV",
        "label": "1215 mV",
        "dec": "1215"
    },
    {
        "name": "1220 mV",
        "label": "1220 mV",
        "dec": "1220"
    },
    {
        "name": "1225 mV",
        "label": "1225 mV",
        "dec": "1225"
    },
    {
        "name": "1230 mV",
        "label": "1230 mV",
        "dec": "1230"
    },
    {
        "name": "1235 mV",
        "label": "1235 mV",
        "dec": "1235"
    },
    {
        "name": "1240 mV",
        "label": "1240 mV",
        "dec": "1240"
    },
    {
        "name": "1245 mV",
        "label": "1245 mV",
        "dec": "1245"
    },
    {
        "name": "1250 mV",
        "label": "1250 mV",
        "dec": "1250"
    },
    {
        "name": "1257 mV",
        "label": "1257 mV - Default",
        "dec": "1257"
    }
]
