[
    {
        "name": "Auto",
        "label": "Auto - default",
        "hex": "00"
    },
    {
        "name": "Default Table",
        "label": "Default Table",
        "hex": "01"
    },
    {
        "name": "1581 MHz Tbreak",
        "label": "1581 MHz Tbreak",
        "hex": "02"
    },
    {
        "name": "1683 MHz Tbreak",
        "label": "1683 MHz Tbreak",
        "hex": "04"
    },
    {
        "name": "Helios Table",
        "label": "Helios Table",
        "hex": "05"
    }
]
