[
    {
        "name": "1000 mV",
        "label": "1000 mV",
        "dec": "1000000"
    },
    {
        "name": "1012 mV",
        "label": "1012 mV",
        "dec": "1012500"
    },
    {
        "name": "1025 mV",
        "label": "1025 mV",
        "dec": "1025000"
    },
    {
        "name": "1037 mV",
        "label": "1037 mV",
        "dec": "1037500"
    },
    {
        "name": "1050 mV",
        "label": "1050 mV",
        "dec": "1050000"
    },
    {
        "name": "1062 mV",
        "label": "1062 mV",
        "dec": "1062500"
    },
    {
        "name": "1075 mV",
        "label": "1075 mV",
        "dec": "1075000"
    },
    {
        "name": "1087 mV",
        "label": "1087 mV",
        "dec": "1087500"
    },
    {
        "name": "1100 mV",
        "label": "1100 mV",
        "dec": "1100000"
    },
    {
        "name": "1112 mV",
        "label": "1112 mV",
        "dec": "1112500"
    },
    {
        "name": "1125 mV - Stock",
        "label": "1125 mV",
        "dec": "1125000"
    },
    {
        "name": "1137 mV",
        "label": "1137 mV",
        "dec": "1137500"
    },
    {
        "name": "1150 mV",
        "label": "1150 mV",
        "dec": "1150000"
    },
    {
        "name": "1162 mV",
        "label": "1162 mV",
        "dec": "1162500"
    },
    {
        "name": "1175 mV",
        "label": "1175 mV",
        "dec": "1175000"
    },
    {
        "name": "1187 mV",
        "label": "1187 mV",
        "dec": "1187500"
    },
    {
        "name": "1200 mV - Default",
        "label": "1200 mV",
        "dec": "1200000"
    },
    {
        "name": "1212 mV",
        "label": "1212 mV",
        "dec": "1212500"
    },
    {
        "name": "1225 mV",
        "label": "1225 mV",
        "dec": "1225000"
    },
    {
        "name": "1237 mV",
        "label": "1237 mV",
        "dec": "1237500"
    },
    {
        "name": "1250 mV",
        "label": "1250 mV",
        "dec": "1250000"
    },
    {
        "name": "1262 mV",
        "label": "1262 mV",
        "dec": "1262500"
    },
    {
        "name": "1275 mV",
        "label": "1275 mV",
        "dec": "1275000"
    },
    {
        "name": "1287 mV",
        "label": "1287 mV",
        "dec": "1287500"
    },
    {
        "name": "1300 mV",
        "label": "1300 mV",
        "dec": "1300000"
    },
    {
        "name": "1312 mV - [!]",
        "label": "1312 mV",
        "dec": "1312500"
    },
    {
        "name": "1325 mV - [!]",
        "label": "1325 mV",
        "dec": "1325000"
    },
    {
        "name": "1337 mV - [!]",
        "label": "1337 mV",
        "dec": "1337500"
    },
    {
        "name": "1350 mV - [!]",
        "label": "1350 mV",
        "dec": "1350000"
    }
]