[
    {
        "name": "(140)                                [0]",
        "dec": "0"
    },
    {
        "name": "(120)                                [1]",
        "dec": "1"
    },
    {
        "name": "(100)                                [2]",
        "dec": "2"
    },
    {
        "name": "(90)                                  [3]",
        "dec": "3"
    },
    {
        "name": "(80)                                  [4]",
        "dec": "4"
    },
    {
        "name": "(70)                                  [5]",
        "dec": "5"
    },
    {
        "name": "(60)                                  [6]",
        "dec": "6"
    },
    {
        "name": "(50)                                  [7]",
        "dec": "7"
    },
    {
        "name": "(40)                                  [8]",
        "dec": "8"
    }
]