[
    {
        "name": "(10)                                 [0]",
        "dec": "0"
    },
    {
        "name": "(9)                                   [1]",
        "dec": "1"
    },
    {
        "name": "(8)                                   [2]",
        "dec": "2"
    },
    {
        "name": "(7)                                   [3]",
        "dec": "3"
    },
    {
        "name": "(6)                                   [4]",
        "dec": "4"
    },
    {
        "name": "(5)                                   [5]",
        "dec": "5"
    },
    {
        "name": "(4)                                   [6]",
        "dec": "6"
    },
    {
        "name": "(3)                                   [7]",
        "dec": "7"
    },
    {
        "name": "(2)                                   [8]",
        "dec": "8"
    },
    {
        "name": "(1)                                   [9]",
        "dec": "9"
    }
]