[
    {
        "null": "19",
        "100": "0",
        "95": "0",
        "90": "1",
        "85": "2",
        "80": "3",
        "75": "4",
        "70": "5",
        "65": "6",
        "60": "7",
        "55": "8",
        "50": "9",
        "45": "10",
        "40": "11",
        "35": "12",
        "30": "13",
        "25": "14",
        "20": "15",
        "15": "16",
        "10": "17",
        "5": "18",
        "0": "19",
        "-5": "20",
        "-10": "21",
        "-15": "22",
        "-20": "23",
        "-25": "24"
    }
]