[
    {
        "null": "None",
        "0": "Auto",
        "450": "450 mV",
        "455": "455 mV",
        "460": "460 mV",
        "465": "465 mV",
        "470": "470 mV",
        "475": "475 mV",
        "480": "480 mV",
        "485": "485 mV",
        "490": "490 mV",
        "495": "495 mV",
        "500": "500 mV",
        "505": "505 mV",
        "510": "510 mV",
        "515": "515 mV",
        "520": "520 mV",
        "525": "525 mV",
        "530": "530 mV",
        "535": "535 mV",
        "540": "540 mV",
        "545": "545 mV",
        "550": "550 mV",
        "555": "555 mV",
        "560": "560 mV",
        "565": "565 mV",
        "570": "570 mV",
        "575": "575 mV",
        "580": "580 mV",
        "585": "585 mV",
        "590": "590 mV",
        "595": "595 mV",
        "600": "600 mV",
        "605": "605 mV",
        "610": "610 mV",
        "615": "615 mV",
        "620": "620 mV",
        "625": "625 mV",
        "630": "630 mV",
        "635": "635 mV",
        "640": "640 mV",
        "645": "645 mV",
        "650": "650 mV",
        "655": "655 mV",
        "660": "660 mV",
        "665": "665 mV",
        "670": "670 mV",
        "675": "675 mV",
        "680": "680 mV",
        "685": "685 mV",
        "690": "690 mV",
        "695": "695 mV",
        "700": "700 mV"
    }
]