[
    {
        "null": "*",
        "00": "0",
        "01": "1",
        "02": "2",
        "03": "3",
        "04": "4",
        "05": "5",
        "06": "6",
        "07": "7",
        "08": "8",
        "09": "9",
        "0A": "10",
        "0B": "11",
        "0C": "12",
        "0D": "13",
        "0E": "14",
        "0F": "15",
        "10": "16",
        "11": "17",
        "12": "18",
        "13": "19",
        "14": "20",
        "15": "21",
        "16": "22",
        "17": "23",
        "18": "24",
        "19": "25",
        "1A": "26",
        "1B": "27",
        "1C": "28",
        "1D": "29",
        "1E": "30",
        "1F": "31",
        "20": "32",
        "21": "33",
        "22": "34",
        "23": "35",
        "24": "36",
        "25": "37",
        "26": "38",
        "27": "39",
        "28": "40",
        "29": "41",
        "2A": "42"
    }
]